{
  "spearman_correlations": {
    "Variable": {
      "1": "precipitation",
      "3": "humidity_mean",
      "2": "windspeed_max",
      "5": "temp_min",
      "0": "temp_mean",
      "4": "temp_max"
    },
    "Spearman_rho": {
      "1": -0.4711,
      "3": -0.4436,
      "2": -0.2641,
      "5": -0.0152,
      "0": 0.1716,
      "4": 0.2873
    },
    "p_value": {
      "1": 0.0,
      "3": 0.0,
      "2": 0.0,
      "5": 0.6017,
      "0": 0.0,
      "4": 0.0
    },
    "Significant": {
      "1": "YES",
      "3": "YES",
      "2": "YES",
      "5": "NO",
      "0": "YES",
      "4": "YES"
    },
    "Strength": {
      "1": "Moderate",
      "3": "Moderate",
      "2": "Weak",
      "5": "Weak",
      "0": "Weak",
      "4": "Weak"
    }
  },
  "lag_analysis": {
    "lag_days": {
      "0": 0,
      "1": 1,
      "2": 2,
      "3": 3,
      "4": 4,
      "5": 5,
      "6": 6,
      "7": 7
    },
    "spearman_rho": {
      "0": -0.4711,
      "1": -0.4853,
      "2": -0.4143,
      "3": -0.3979,
      "4": -0.3567,
      "5": -0.364,
      "6": -0.3745,
      "7": -0.363
    },
    "p_value": {
      "0": 0.0,
      "1": 0.0,
      "2": 0.0,
      "3": 0.0,
      "4": 0.0,
      "5": 0.0,
      "6": 0.0,
      "7": 0.0
    }
  },
  "season_stats": {
    "count": {
      "dry": 595,
      "wet": 587
    },
    "mean": {
      "dry": 44.48,
      "wet": 31.42
    },
    "median": {
      "dry": 40.42,
      "wet": 26.71
    },
    "std": {
      "dry": 36.56,
      "wet": 33.27
    },
    "q25": {
      "dry": 30.76,
      "wet": 17.44
    },
    "q75": {
      "dry": 49.6,
      "wet": 37.58
    }
  },
  "weekend_effect_pval": 0.37706294852850564,
  "weekday_mean": 39.116162167491396,
  "weekend_mean": 35.137057165547986
}